Азербайджан, Азербайджана,  Азербайджана, Азербайджана, Азербайджана, Азербайджан
Алжир, Алжира, Алжира, Алжира, Алжира, Алжир
Ангола, Анголы, Анголы, Анголы, Анголы, Анголу
Аргентина, Аргентыны, Аргентыны, Аргентыны, Аргентыны, Аргентыну
Афганистан, Афганистана, Афганистана, Афганистана, Афганистана, Афганистан
Австралия, Австралии, Австралии, Австралии, Австралии, Австралию, Австралия
Бангладеш, Бангладеша, Бангладеша, Бангладеша, Бангладеша, Бангладеш
Беларусь, Беларуси, Беларуси, Беларуси, Беларуси, Беларусь
Бенин, Бенина, Бенина, Бенина, Бенина, Бенин
Босния И Герцеговина, Боснии И Герцеговины, Боснии И Герцеговины, Боснии И Герцеговины, Боснии И Герцеговины, Боснии И Герцеговине
Бруней, Брунея, Брунея, Брунея, Брунея, Бруней
Буркина-Фасо, Буркина-Фасо, Буркина-Фасо, Буркина-Фасо, Буркина-Фасо, Буркина-Фасо
Бурунди, Бурунди, Бурунди, Бурунди, Бурунди, Бурунди
Бутан, Бутана, Бутана, Бутана, Бутана, Бутан
Венесуэла, Венесуэлы, Венесуэлы, Венесуэлы, Венесуэлы, Венесуэлу
Вьетнам, Вьетнама, Вьетнама, Вьетнама, Вьетнама, Вьетнам
Гайана, Гайаны, Гайаны, Гайаны, Гайаны, Гайану
Гана, Ганы, Ганы, Ганы, Ганы, Гану
Гватемала, Гватемалы, Гватемалы, Гватемалы, Гватемалы, Гватемалу
Гвинея, Гвинеи, Гвинеи, Гвинеи, Гвинеи, Гвинею
Египет, Египета, Египета, Египета, Египета, Египет
Зимбабве, Зимбабве, Зимбабве, Зимбабве, Зимбабве, Зимбабве
Израиль, Израиля, Израиля, Израиля, Израиля, Израиль
Ирак, Ирака, Ирака, Ирака, Ирака, Ирак
Иран, Ирана, Ирана, Ирана, Ирана, Иран
Йемен, Йемена, Йемена, Йемена, Йемена, Йемен
Казахстан, Казахстана, Казахстана, Казахстана, Казахстана, Казахстан
Камбоджа, Камбоджи, Камбоджи, Камбоджи, Камбоджи, Камбоджу
Канада, Канады, Канады, Канады, Канады, Канаду
Канарские Острова, Канарских Островов, Канарских Островов, Канарских Островов, Канарских Островов, Канарские Островова
Катар, Катара, Катара, Катара, Катара, Катар
Кения, Кении, Кении, Кении, Кении, Кению
Кипр, Кипра, Кипра, Кипра, Кипра, Кипр
Китай, Китая, Китая, Китая, Китая, Китай
Конго, Конго, Конго, Конго, Конго, Конго
Куба, Кубы, Кубы, Кубы, Кубы, Кубу
Кыргызстан, Кыргызстана, Кыргызстана, Кыргызстана, Кыргызстана, Кыргызстан
Латвия, Латвии, Латвии, Латвии, Латвии, Латвию
Ливия, Ливии, Ливии, Ливии, Ливии, Ливию
Литва, Литвы, Литвы, Литвы, Литвы, Литву
Македония, Македонии, Македонии, Македонии, Македонии, Македонию
Малайзия, Малайзии, Малайзии, Малайзии, Малайзии, Малайзию
Мали, Мали, Мали, Мали, Мали, Мали
Марокко, Марокко, Марокко, Марокко, Марокко, Марокко
Мексика, Мексики, Мексики, Мексики, Мексики, Мексику
Молдова, Молдовы, Молдовы, Молдовы, Молдовы, Молдову
Монголия, Монголии, Монголии, Монголии, Монголии, Монголию
Мьянма, Мьянмы, Мьянмы, Мьянмы, Мьянмы, Мьянму
Намибия, Намибии, Намибии, Намибии, Намибии, Намибию
Нигерия, Нигерии, Нигерии, Нигерии, Нигерии, Нигерию
Никарагуа, Никарагуа, Никарагуа, Никарагуа, Никарагуа, Никарагуа
Новая Зеландия, Новой Зеландии, Новой Зеландии, Новой Зеландии, Новой Зеландии, Новую Зеландию
Норвегия, Норвегии, Норвегии, Норвегии, Норвегии, Норвегию
Панама, Панамы, Панамы, Панамы, Панамы, Панаму
Польша, Польшы, Польшы, Польшы, Польшы, Польшу
Португалия, Португалии, Португалии, Португалии, Португалии, Португалию
Реюньон, Реюньона, Реюньона, Реюньона, Реюньона, Реюньон
Россия, России, России, России, России, Россию
Румыния, Румынии, Румынии, Румынии, Румынии, Румынию
Саудовская Аравия, Саудовской Аравии, Саудовской Аравии, Саудовской Аравии, Саудовской Аравии, Саудовскую Аравию
Сирия, Сирии, Сирии, Сирии, Сирии, Сирию
Словакия, Словакии, Словакии, Словакии, Словакии, Словакию
Словения, Словении, Словении, Словении, Словении, Словению
Сомали, Сомали, Сомали, Сомали, Сомали, Сомали
Сьерра-Леоне, Сьерра-Леоне, Сьерра-Леоне, Сьерра-Леоне, Сьерра-Леоне, Сьерра-Леоне
Танзания, Танзании, Танзании, Танзании, Танзании, Танзанию
Турция, Турции, Турции, Турции, Турции, Турцию
Уганда, Уганды, Уганды, Уганды, Уганды, Уганду
Украина, Украины, Украины, Украины, Украины, Украину
Филиппины, Филиппин, Филиппин, Филиппин, Филиппин, Филиппины
Финляндия, Финляндии, Финляндии, Финляндии, Финляндии, Финляндию
Франция, Франции, Франции, Франции, Франции, Францию
Хорватия, Хорватии, Хорватии, Хорватии, Хорватии, Хорватию
Чили, Чили, Чили, Чили, Чили, Чили
Швейцария, Швейцарии, Швейцарии, Швейцарии, Швейцарии, Швейцарию
Швеция, Швеции, Швеции, Швеции, Швеции, Швецию
Шри Ланка, Шри Ланки, Шри Ланки, Шри Ланки, Шри Ланки, Шри Ланку
Эстония, Эстонии, Эстонии, Эстонии, Эстонии, Эстонию
Эфиопия, Эфиопии, Эфиопии, Эфиопии, Эфиопии, Эфиопию
Южная Корея, Южной Кореи, Южной Кореи, Южной Кореи, Южной Кореи, Южную Корею
Ямайка, Ямайки, Ямайки, Ямайки, Ямайки, Ямайку
Япония, Японии, Японии, Японии, Японии, Японию